anio,edad_mujer_grupo,edad_hombre_grupo,valor
2009,15 - 19,15-19,5003
2009,15 - 19,20-24,8524
2009,15 - 19,25-29,2500
2009,15 - 19,30-34,611
2009,15 - 19,35-39,168
2009,15 - 19,40-44,45
2009,15 - 19,45-49,21
2009,15 - 19,50-54,5
2009,15 - 19,55-59,3
2009,15 - 19,60-64,4
2009,15 - 19,65 y más,7
2009,15 - 19,Ignorado,405
2009,15 - 19,Menos de 15,0
2009,20 - 24,15-19,1652
2009,20 - 24,20-24,9290
2009,20 - 24,25-29,5978
2009,20 - 24,30-34,1578
2009,20 - 24,35-39,456
2009,20 - 24,40-44,131
2009,20 - 24,45-49,61
2009,20 - 24,50-54,42
2009,20 - 24,55-59,12
2009,20 - 24,60-64,11
2009,20 - 24,65 y más,9
2009,20 - 24,Ignorado,325
2009,20 - 24,Menos de 15,0
2009,25 - 29,15-19,226
2009,25 - 29,20-24,1908
2009,25 - 29,25-29,4152
2009,25 - 29,30-34,2503
2009,25 - 29,35-39,751
2009,25 - 29,40-44,257
2009,25 - 29,45-49,111
2009,25 - 29,50-54,48
2009,25 - 29,55-59,23
2009,25 - 29,60-64,22
2009,25 - 29,65 y más,12
2009,25 - 29,Ignorado,151
2009,25 - 29,Menos de 15,0
2009,30 - 34,15-19,31
2009,30 - 34,20-24,346
2009,30 - 34,25-29,880
2009,30 - 34,30-34,1669
2009,30 - 34,35-39,1010
2009,30 - 34,40-44,354
2009,30 - 34,45-49,141
2009,30 - 34,50-54,78
2009,30 - 34,55-59,53
2009,30 - 34,60-64,22
2009,30 - 34,65 y más,26
2009,30 - 34,Ignorado,62
2009,30 - 34,Menos de 15,0
2009,35 - 39,15-19,5
2009,35 - 39,20-24,74
2009,35 - 39,25-29,164
2009,35 - 39,30-34,413
2009,35 - 39,35-39,722
2009,35 - 39,40-44,548
2009,35 - 39,45-49,253
2009,35 - 39,50-54,118
2009,35 - 39,55-59,58
2009,35 - 39,60-64,34
2009,35 - 39,65 y más,27
2009,35 - 39,Ignorado,29
2009,35 - 39,Menos de 15,0
2009,40 - 44,15-19,3
2009,40 - 44,20-24,17
2009,40 - 44,25-29,39
2009,40 - 44,30-34,74
2009,40 - 44,35-39,186
2009,40 - 44,40-44,353
2009,40 - 44,45-49,334
2009,40 - 44,50-54,151
2009,40 - 44,55-59,73
2009,40 - 44,60-64,49
2009,40 - 44,65 y más,38
2009,40 - 44,Ignorado,22
2009,40 - 44,Menos de 15,0
2009,45 - 49,15-19,1
2009,45 - 49,20-24,8
2009,45 - 49,25-29,11
2009,45 - 49,30-34,21
2009,45 - 49,35-39,41
2009,45 - 49,40-44,116
2009,45 - 49,45-49,295
2009,45 - 49,50-54,274
2009,45 - 49,55-59,149
2009,45 - 49,60-64,80
2009,45 - 49,65 y más,67
2009,45 - 49,Ignorado,17
2009,45 - 49,Menos de 15,0
2009,50 - 54,15-19,0
2009,50 - 54,20-24,2
2009,50 - 54,25-29,3
2009,50 - 54,30-34,9
2009,50 - 54,35-39,10
2009,50 - 54,40-44,35
2009,50 - 54,45-49,72
2009,50 - 54,50-54,202
2009,50 - 54,55-59,211
2009,50 - 54,60-64,131
2009,50 - 54,65 y más,79
2009,50 - 54,Ignorado,15
2009,50 - 54,Menos de 15,0
2009,55 - 59,15-19,0
2009,55 - 59,20-24,0
2009,55 - 59,25-29,0
2009,55 - 59,30-34,1
2009,55 - 59,35-39,5
2009,55 - 59,40-44,9
2009,55 - 59,45-49,17
2009,55 - 59,50-54,57
2009,55 - 59,55-59,140
2009,55 - 59,60-64,223
2009,55 - 59,65 y más,100
2009,55 - 59,Ignorado,14
2009,55 - 59,Menos de 15,0
2009,60 - 64,15-19,0
2009,60 - 64,20-24,0
2009,60 - 64,25-29,0
2009,60 - 64,30-34,1
2009,60 - 64,35-39,0
2009,60 - 64,40-44,3
2009,60 - 64,45-49,4
2009,60 - 64,50-54,8
2009,60 - 64,55-59,36
2009,60 - 64,60-64,107
2009,60 - 64,65 y más,179
2009,60 - 64,Ignorado,3
2009,60 - 64,Menos de 15,0
2009,65 y más,15-19,1
2009,65 y más,20-24,3
2009,65 y más,25-29,1
2009,65 y más,30-34,0
2009,65 y más,35-39,1
2009,65 y más,40-44,1
2009,65 y más,45-49,2
2009,65 y más,50-54,5
2009,65 y más,55-59,20
2009,65 y más,60-64,41
2009,65 y más,65 y más,413
2009,65 y más,Ignorado,7
2009,65 y más,Menos de 15,0
2009,Ignorado,15-19,252
2009,Ignorado,20-24,593
2009,Ignorado,25-29,271
2009,Ignorado,30-34,113
2009,Ignorado,35-39,51
2009,Ignorado,40-44,31
2009,Ignorado,45-49,29
2009,Ignorado,50-54,13
2009,Ignorado,55-59,8
2009,Ignorado,60-64,12
2009,Ignorado,65 y más,20
2009,Ignorado,Ignorado,1173
2009,Ignorado,Menos de 15,0
2009,Menos de 15,15-19,388
2009,Menos de 15,20-24,311
2009,Menos de 15,25-29,70
2009,Menos de 15,30-34,28
2009,Menos de 15,35-39,1
2009,Menos de 15,40-44,1
2009,Menos de 15,45-49,3
2009,Menos de 15,50-54,0
2009,Menos de 15,55-59,0
2009,Menos de 15,60-64,1
2009,Menos de 15,65 y más,0
2009,Menos de 15,Ignorado,23
2009,Menos de 15,Menos de 15,0
2010,15 - 19,15-19,5857
2010,15 - 19,20-24,9948
2010,15 - 19,25-29,3004
2010,15 - 19,30-34,702
2010,15 - 19,35-39,172
2010,15 - 19,40-44,62
2010,15 - 19,45-49,26
2010,15 - 19,50-54,8
2010,15 - 19,55-59,7
2010,15 - 19,60-64,4
2010,15 - 19,65 y más,2
2010,15 - 19,Ignorado,40
2010,15 - 19,Menos de 15,7
2010,20 - 24,15-19,1820
2010,20 - 24,20-24,10912
2010,20 - 24,25-29,7230
2010,20 - 24,30-34,1990
2010,20 - 24,35-39,578
2010,20 - 24,40-44,169
2010,20 - 24,45-49,67
2010,20 - 24,50-54,42
2010,20 - 24,55-59,9
2010,20 - 24,60-64,6
2010,20 - 24,65 y más,7
2010,20 - 24,Ignorado,34
2010,20 - 24,Menos de 15,5
2010,25 - 29,15-19,236
2010,25 - 29,20-24,2388
2010,25 - 29,25-29,5173
2010,25 - 29,30-34,3258
2010,25 - 29,35-39,905
2010,25 - 29,40-44,307
2010,25 - 29,45-49,144
2010,25 - 29,50-54,62
2010,25 - 29,55-59,31
2010,25 - 29,60-64,19
2010,25 - 29,65 y más,14
2010,25 - 29,Ignorado,17
2010,25 - 29,Menos de 15,0
2010,30 - 34,15-19,39
2010,30 - 34,20-24,395
2010,30 - 34,25-29,1299
2010,30 - 34,30-34,2254
2010,30 - 34,35-39,1392
2010,30 - 34,40-44,503
2010,30 - 34,45-49,217
2010,30 - 34,50-54,103
2010,30 - 34,55-59,39
2010,30 - 34,60-64,32
2010,30 - 34,65 y más,36
2010,30 - 34,Ignorado,16
2010,30 - 34,Menos de 15,0
2010,35 - 39,15-19,8
2010,35 - 39,20-24,83
2010,35 - 39,25-29,199
2010,35 - 39,30-34,531
2010,35 - 39,35-39,986
2010,35 - 39,40-44,725
2010,35 - 39,45-49,315
2010,35 - 39,50-54,141
2010,35 - 39,55-59,63
2010,35 - 39,60-64,41
2010,35 - 39,65 y más,40
2010,35 - 39,Ignorado,6
2010,35 - 39,Menos de 15,0
2010,40 - 44,15-19,1
2010,40 - 44,20-24,16
2010,40 - 44,25-29,45
2010,40 - 44,30-34,115
2010,40 - 44,35-39,263
2010,40 - 44,40-44,530
2010,40 - 44,45-49,502
2010,40 - 44,50-54,240
2010,40 - 44,55-59,101
2010,40 - 44,60-64,72
2010,40 - 44,65 y más,64
2010,40 - 44,Ignorado,5
2010,40 - 44,Menos de 15,0
2010,45 - 49,15-19,2
2010,45 - 49,20-24,6
2010,45 - 49,25-29,15
2010,45 - 49,30-34,32
2010,45 - 49,35-39,64
2010,45 - 49,40-44,143
2010,45 - 49,45-49,521
2010,45 - 49,50-54,495
2010,45 - 49,55-59,219
2010,45 - 49,60-64,101
2010,45 - 49,65 y más,92
2010,45 - 49,Ignorado,4
2010,45 - 49,Menos de 15,0
2010,50 - 54,15-19,1
2010,50 - 54,20-24,2
2010,50 - 54,25-29,2
2010,50 - 54,30-34,8
2010,50 - 54,35-39,22
2010,50 - 54,40-44,39
2010,50 - 54,45-49,108
2010,50 - 54,50-54,366
2010,50 - 54,55-59,399
2010,50 - 54,60-64,209
2010,50 - 54,65 y más,116
2010,50 - 54,Ignorado,0
2010,50 - 54,Menos de 15,0
2010,55 - 59,15-19,0
2010,55 - 59,20-24,0
2010,55 - 59,25-29,0
2010,55 - 59,30-34,4
2010,55 - 59,35-39,6
2010,55 - 59,40-44,6
2010,55 - 59,45-49,23
2010,55 - 59,50-54,78
2010,55 - 59,55-59,265
2010,55 - 59,60-64,348
2010,55 - 59,65 y más,200
2010,55 - 59,Ignorado,2
2010,55 - 59,Menos de 15,0
2010,60 - 64,15-19,0
2010,60 - 64,20-24,1
2010,60 - 64,25-29,0
2010,60 - 64,30-34,0
2010,60 - 64,35-39,1
2010,60 - 64,40-44,1
2010,60 - 64,45-49,8
2010,60 - 64,50-54,15
2010,60 - 64,55-59,72
2010,60 - 64,60-64,200
2010,60 - 64,65 y más,327
2010,60 - 64,Ignorado,0
2010,60 - 64,Menos de 15,0
2010,65 y más,15-19,0
2010,65 y más,20-24,0
2010,65 y más,25-29,0
2010,65 y más,30-34,0
2010,65 y más,35-39,0
2010,65 y más,40-44,3
2010,65 y más,45-49,2
2010,65 y más,50-54,4
2010,65 y más,55-59,17
2010,65 y más,60-64,67
2010,65 y más,65 y más,670
2010,65 y más,Ignorado,1
2010,65 y más,Menos de 15,0
2010,Ignorado,15-19,10
2010,Ignorado,20-24,32
2010,Ignorado,25-29,15
2010,Ignorado,30-34,12
2010,Ignorado,35-39,3
2010,Ignorado,40-44,7
2010,Ignorado,45-49,3
2010,Ignorado,50-54,3
2010,Ignorado,55-59,3
2010,Ignorado,60-64,3
2010,Ignorado,65 y más,4
2010,Ignorado,Ignorado,156
2010,Ignorado,Menos de 15,0
2010,Menos de 15,15-19,386
2010,Menos de 15,20-24,381
2010,Menos de 15,25-29,112
2010,Menos de 15,30-34,17
2010,Menos de 15,35-39,7
2010,Menos de 15,40-44,1
2010,Menos de 15,45-49,0
2010,Menos de 15,50-54,1
2010,Menos de 15,55-59,0
2010,Menos de 15,60-64,0
2010,Menos de 15,65 y más,1
2010,Menos de 15,Ignorado,0
2010,Menos de 15,Menos de 15,1
2011,15 - 19,15-19,6733
2011,15 - 19,20-24,11231
2011,15 - 19,25-29,3124
2011,15 - 19,30-34,788
2011,15 - 19,35-39,191
2011,15 - 19,40-44,52
2011,15 - 19,45-49,27
2011,15 - 19,50-54,9
2011,15 - 19,55-59,6
2011,15 - 19,60-64,4
2011,15 - 19,65 y más,2
2011,15 - 19,Ignorado,12
2011,15 - 19,Menos de 15,12
2011,20 - 24,15-19,2199
2011,20 - 24,20-24,12176
2011,20 - 24,25-29,7600
2011,20 - 24,30-34,2137
2011,20 - 24,35-39,592
2011,20 - 24,40-44,162
2011,20 - 24,45-49,69
2011,20 - 24,50-54,39
2011,20 - 24,55-59,16
2011,20 - 24,60-64,11
2011,20 - 24,65 y más,14
2011,20 - 24,Ignorado,21
2011,20 - 24,Menos de 15,1
2011,25 - 29,15-19,267
2011,25 - 29,20-24,2705
2011,25 - 29,25-29,5632
2011,25 - 29,30-34,3393
2011,25 - 29,35-39,1009
2011,25 - 29,40-44,338
2011,25 - 29,45-49,135
2011,25 - 29,50-54,61
2011,25 - 29,55-59,39
2011,25 - 29,60-64,20
2011,25 - 29,65 y más,22
2011,25 - 29,Ignorado,12
2011,25 - 29,Menos de 15,0
2011,30 - 34,15-19,46
2011,30 - 34,20-24,494
2011,30 - 34,25-29,1284
2011,30 - 34,30-34,2336
2011,30 - 34,35-39,1504
2011,30 - 34,40-44,497
2011,30 - 34,45-49,192
2011,30 - 34,50-54,115
2011,30 - 34,55-59,64
2011,30 - 34,60-64,35
2011,30 - 34,65 y más,28
2011,30 - 34,Ignorado,4
2011,30 - 34,Menos de 15,0
2011,35 - 39,15-19,11
2011,35 - 39,20-24,83
2011,35 - 39,25-29,240
2011,35 - 39,30-34,588
2011,35 - 39,35-39,933
2011,35 - 39,40-44,780
2011,35 - 39,45-49,283
2011,35 - 39,50-54,165
2011,35 - 39,55-59,77
2011,35 - 39,60-64,53
2011,35 - 39,65 y más,43
2011,35 - 39,Ignorado,7
2011,35 - 39,Menos de 15,0
2011,40 - 44,15-19,2
2011,40 - 44,20-24,19
2011,40 - 44,25-29,49
2011,40 - 44,30-34,112
2011,40 - 44,35-39,266
2011,40 - 44,40-44,504
2011,40 - 44,45-49,401
2011,40 - 44,50-54,255
2011,40 - 44,55-59,116
2011,40 - 44,60-64,78
2011,40 - 44,65 y más,66
2011,40 - 44,Ignorado,1
2011,40 - 44,Menos de 15,0
2011,45 - 49,15-19,1
2011,45 - 49,20-24,8
2011,45 - 49,25-29,17
2011,45 - 49,30-34,31
2011,45 - 49,35-39,78
2011,45 - 49,40-44,156
2011,45 - 49,45-49,373
2011,45 - 49,50-54,379
2011,45 - 49,55-59,184
2011,45 - 49,60-64,116
2011,45 - 49,65 y más,89
2011,45 - 49,Ignorado,4
2011,45 - 49,Menos de 15,0
2011,50 - 54,15-19,0
2011,50 - 54,20-24,1
2011,50 - 54,25-29,6
2011,50 - 54,30-34,8
2011,50 - 54,35-39,26
2011,50 - 54,40-44,41
2011,50 - 54,45-49,107
2011,50 - 54,50-54,260
2011,50 - 54,55-59,335
2011,50 - 54,60-64,184
2011,50 - 54,65 y más,122
2011,50 - 54,Ignorado,4
2011,50 - 54,Menos de 15,0
2011,55 - 59,15-19,0
2011,55 - 59,20-24,0
2011,55 - 59,25-29,1
2011,55 - 59,30-34,0
2011,55 - 59,35-39,8
2011,55 - 59,40-44,13
2011,55 - 59,45-49,32
2011,55 - 59,50-54,70
2011,55 - 59,55-59,225
2011,55 - 59,60-64,245
2011,55 - 59,65 y más,165
2011,55 - 59,Ignorado,1
2011,55 - 59,Menos de 15,0
2011,60 - 64,15-19,0
2011,60 - 64,20-24,2
2011,60 - 64,25-29,0
2011,60 - 64,30-34,0
2011,60 - 64,35-39,1
2011,60 - 64,40-44,2
2011,60 - 64,45-49,8
2011,60 - 64,50-54,15
2011,60 - 64,55-59,44
2011,60 - 64,60-64,160
2011,60 - 64,65 y más,278
2011,60 - 64,Ignorado,1
2011,60 - 64,Menos de 15,0
2011,65 y más,15-19,1
2011,65 y más,20-24,0
2011,65 y más,25-29,1
2011,65 y más,30-34,1
2011,65 y más,35-39,0
2011,65 y más,40-44,2
2011,65 y más,45-49,2
2011,65 y más,50-54,6
2011,65 y más,55-59,17
2011,65 y más,60-64,46
2011,65 y más,65 y más,577
2011,65 y más,Ignorado,1
2011,65 y más,Menos de 15,0
2011,Ignorado,15-19,6
2011,Ignorado,20-24,20
2011,Ignorado,25-29,18
2011,Ignorado,30-34,5
2011,Ignorado,35-39,6
2011,Ignorado,40-44,2
2011,Ignorado,45-49,5
2011,Ignorado,50-54,1
2011,Ignorado,55-59,3
2011,Ignorado,60-64,1
2011,Ignorado,65 y más,3
2011,Ignorado,Ignorado,47
2011,Ignorado,Menos de 15,0
2011,Menos de 15,15-19,513
2011,Menos de 15,20-24,458
2011,Menos de 15,25-29,109
2011,Menos de 15,30-34,31
2011,Menos de 15,35-39,5
2011,Menos de 15,40-44,1
2011,Menos de 15,45-49,1
2011,Menos de 15,50-54,0
2011,Menos de 15,55-59,0
2011,Menos de 15,60-64,0
2011,Menos de 15,65 y más,0
2011,Menos de 15,Ignorado,0
2011,Menos de 15,Menos de 15,4
2012,15 - 19,15-19,7102
2012,15 - 19,20-24,11452
2012,15 - 19,25-29,3198
2012,15 - 19,30-34,725
2012,15 - 19,35-39,203
2012,15 - 19,40-44,65
2012,15 - 19,45-49,21
2012,15 - 19,50-54,12
2012,15 - 19,55-59,7
2012,15 - 19,60-64,2
2012,15 - 19,65 y más,7
2012,15 - 19,Ignorado,9
2012,15 - 19,Menos de 15,3
2012,20 - 24,15-19,2212
2012,20 - 24,20-24,12904
2012,20 - 24,25-29,8078
2012,20 - 24,30-34,2298
2012,20 - 24,35-39,625
2012,20 - 24,40-44,184
2012,20 - 24,45-49,81
2012,20 - 24,50-54,30
2012,20 - 24,55-59,16
2012,20 - 24,60-64,6
2012,20 - 24,65 y más,9
2012,20 - 24,Ignorado,18
2012,20 - 24,Menos de 15,0
2012,25 - 29,15-19,283
2012,25 - 29,20-24,2808
2012,25 - 29,25-29,5890
2012,25 - 29,30-34,3942
2012,25 - 29,35-39,1039
2012,25 - 29,40-44,330
2012,25 - 29,45-49,155
2012,25 - 29,50-54,97
2012,25 - 29,55-59,45
2012,25 - 29,60-64,27
2012,25 - 29,65 y más,23
2012,25 - 29,Ignorado,9
2012,25 - 29,Menos de 15,0
2012,30 - 34,15-19,47
2012,30 - 34,20-24,540
2012,30 - 34,25-29,1442
2012,30 - 34,30-34,2688
2012,30 - 34,35-39,1686
2012,30 - 34,40-44,588
2012,30 - 34,45-49,243
2012,30 - 34,50-54,139
2012,30 - 34,55-59,74
2012,30 - 34,60-64,36
2012,30 - 34,65 y más,31
2012,30 - 34,Ignorado,5
2012,30 - 34,Menos de 15,0
2012,35 - 39,15-19,10
2012,35 - 39,20-24,86
2012,35 - 39,25-29,294
2012,35 - 39,30-34,654
2012,35 - 39,35-39,1144
2012,35 - 39,40-44,858
2012,35 - 39,45-49,404
2012,35 - 39,50-54,202
2012,35 - 39,55-59,90
2012,35 - 39,60-64,54
2012,35 - 39,65 y más,54
2012,35 - 39,Ignorado,6
2012,35 - 39,Menos de 15,0
2012,40 - 44,15-19,4
2012,40 - 44,20-24,23
2012,40 - 44,25-29,54
2012,40 - 44,30-34,153
2012,40 - 44,35-39,276
2012,40 - 44,40-44,604
2012,40 - 44,45-49,523
2012,40 - 44,50-54,234
2012,40 - 44,55-59,137
2012,40 - 44,60-64,80
2012,40 - 44,65 y más,61
2012,40 - 44,Ignorado,1
2012,40 - 44,Menos de 15,0
2012,45 - 49,15-19,2
2012,45 - 49,20-24,5
2012,45 - 49,25-29,18
2012,45 - 49,30-34,36
2012,45 - 49,35-39,81
2012,45 - 49,40-44,173
2012,45 - 49,45-49,471
2012,45 - 49,50-54,511
2012,45 - 49,55-59,230
2012,45 - 49,60-64,119
2012,45 - 49,65 y más,95
2012,45 - 49,Ignorado,1
2012,45 - 49,Menos de 15,0
2012,50 - 54,15-19,0
2012,50 - 54,20-24,1
2012,50 - 54,25-29,4
2012,50 - 54,30-34,14
2012,50 - 54,35-39,17
2012,50 - 54,40-44,33
2012,50 - 54,45-49,102
2012,50 - 54,50-54,353
2012,50 - 54,55-59,389
2012,50 - 54,60-64,203
2012,50 - 54,65 y más,165
2012,50 - 54,Ignorado,0
2012,50 - 54,Menos de 15,0
2012,55 - 59,15-19,0
2012,55 - 59,20-24,0
2012,55 - 59,25-29,1
2012,55 - 59,30-34,3
2012,55 - 59,35-39,6
2012,55 - 59,40-44,12
2012,55 - 59,45-49,28
2012,55 - 59,50-54,99
2012,55 - 59,55-59,293
2012,55 - 59,60-64,333
2012,55 - 59,65 y más,229
2012,55 - 59,Ignorado,0
2012,55 - 59,Menos de 15,0
2012,60 - 64,15-19,1
2012,60 - 64,20-24,0
2012,60 - 64,25-29,1
2012,60 - 64,30-34,2
2012,60 - 64,35-39,0
2012,60 - 64,40-44,1
2012,60 - 64,45-49,13
2012,60 - 64,50-54,26
2012,60 - 64,55-59,69
2012,60 - 64,60-64,210
2012,60 - 64,65 y más,365
2012,60 - 64,Ignorado,0
2012,60 - 64,Menos de 15,0
2012,65 y más,15-19,0
2012,65 y más,20-24,0
2012,65 y más,25-29,0
2012,65 y más,30-34,0
2012,65 y más,35-39,0
2012,65 y más,40-44,1
2012,65 y más,45-49,5
2012,65 y más,50-54,3
2012,65 y más,55-59,26
2012,65 y más,60-64,66
2012,65 y más,65 y más,793
2012,65 y más,Ignorado,3
2012,65 y más,Menos de 15,0
2012,Ignorado,15-19,9
2012,Ignorado,20-24,12
2012,Ignorado,25-29,11
2012,Ignorado,30-34,9
2012,Ignorado,35-39,7
2012,Ignorado,40-44,3
2012,Ignorado,45-49,2
2012,Ignorado,50-54,1
2012,Ignorado,55-59,0
2012,Ignorado,60-64,0
2012,Ignorado,65 y más,3
2012,Ignorado,Ignorado,31
2012,Ignorado,Menos de 15,0
2012,Menos de 15,15-19,527
2012,Menos de 15,20-24,452
2012,Menos de 15,25-29,92
2012,Menos de 15,30-34,27
2012,Menos de 15,35-39,9
2012,Menos de 15,40-44,1
2012,Menos de 15,45-49,1
2012,Menos de 15,50-54,0
2012,Menos de 15,55-59,0
2012,Menos de 15,60-64,0
2012,Menos de 15,65 y más,1
2012,Menos de 15,Ignorado,0
2012,Menos de 15,Menos de 15,3
2013,15 - 19,15-19,6730
2013,15 - 19,20-24,11057
2013,15 - 19,25-29,2947
2013,15 - 19,30-34,757
2013,15 - 19,35-39,191
2013,15 - 19,40-44,63
2013,15 - 19,45-49,22
2013,15 - 19,50-54,14
2013,15 - 19,55-59,11
2013,15 - 19,60-64,3
2013,15 - 19,65 y más,7
2013,15 - 19,Ignorado,5
2013,15 - 19,Menos de 15,4
2013,20 - 24,15-19,2115
2013,20 - 24,20-24,12407
2013,20 - 24,25-29,7531
2013,20 - 24,30-34,2292
2013,20 - 24,35-39,670
2013,20 - 24,40-44,202
2013,20 - 24,45-49,76
2013,20 - 24,50-54,46
2013,20 - 24,55-59,11
2013,20 - 24,60-64,15
2013,20 - 24,65 y más,16
2013,20 - 24,Ignorado,5
2013,20 - 24,Menos de 15,0
2013,25 - 29,15-19,268
2013,25 - 29,20-24,2762
2013,25 - 29,25-29,5764
2013,25 - 29,30-34,3567
2013,25 - 29,35-39,1135
2013,25 - 29,40-44,355
2013,25 - 29,45-49,140
2013,25 - 29,50-54,73
2013,25 - 29,55-59,42
2013,25 - 29,60-64,26
2013,25 - 29,65 y más,31
2013,25 - 29,Ignorado,6
2013,25 - 29,Menos de 15,0
2013,30 - 34,15-19,55
2013,30 - 34,20-24,518
2013,30 - 34,25-29,1447
2013,30 - 34,30-34,2577
2013,30 - 34,35-39,1668
2013,30 - 34,40-44,592
2013,30 - 34,45-49,232
2013,30 - 34,50-54,136
2013,30 - 34,55-59,68
2013,30 - 34,60-64,48
2013,30 - 34,65 y más,49
2013,30 - 34,Ignorado,4
2013,30 - 34,Menos de 15,0
2013,35 - 39,15-19,11
2013,35 - 39,20-24,123
2013,35 - 39,25-29,259
2013,35 - 39,30-34,580
2013,35 - 39,35-39,1126
2013,35 - 39,40-44,777
2013,35 - 39,45-49,383
2013,35 - 39,50-54,170
2013,35 - 39,55-59,105
2013,35 - 39,60-64,54
2013,35 - 39,65 y más,59
2013,35 - 39,Ignorado,0
2013,35 - 39,Menos de 15,0
2013,40 - 44,15-19,4
2013,40 - 44,20-24,26
2013,40 - 44,25-29,58
2013,40 - 44,30-34,139
2013,40 - 44,35-39,308
2013,40 - 44,40-44,600
2013,40 - 44,45-49,491
2013,40 - 44,50-54,263
2013,40 - 44,55-59,143
2013,40 - 44,60-64,98
2013,40 - 44,65 y más,83
2013,40 - 44,Ignorado,1
2013,40 - 44,Menos de 15,0
2013,45 - 49,15-19,1
2013,45 - 49,20-24,7
2013,45 - 49,25-29,18
2013,45 - 49,30-34,45
2013,45 - 49,35-39,80
2013,45 - 49,40-44,151
2013,45 - 49,45-49,375
2013,45 - 49,50-54,418
2013,45 - 49,55-59,222
2013,45 - 49,60-64,125
2013,45 - 49,65 y más,111
2013,45 - 49,Ignorado,4
2013,45 - 49,Menos de 15,0
2013,50 - 54,15-19,1
2013,50 - 54,20-24,0
2013,50 - 54,25-29,3
2013,50 - 54,30-34,14
2013,50 - 54,35-39,26
2013,50 - 54,40-44,53
2013,50 - 54,45-49,122
2013,50 - 54,50-54,317
2013,50 - 54,55-59,303
2013,50 - 54,60-64,200
2013,50 - 54,65 y más,153
2013,50 - 54,Ignorado,1
2013,50 - 54,Menos de 15,0
2013,55 - 59,15-19,0
2013,55 - 59,20-24,0
2013,55 - 59,25-29,0
2013,55 - 59,30-34,5
2013,55 - 59,35-39,11
2013,55 - 59,40-44,11
2013,55 - 59,45-49,30
2013,55 - 59,50-54,80
2013,55 - 59,55-59,229
2013,55 - 59,60-64,285
2013,55 - 59,65 y más,209
2013,55 - 59,Ignorado,1
2013,55 - 59,Menos de 15,0
2013,60 - 64,15-19,0
2013,60 - 64,20-24,0
2013,60 - 64,25-29,0
2013,60 - 64,30-34,1
2013,60 - 64,35-39,1
2013,60 - 64,40-44,4
2013,60 - 64,45-49,8
2013,60 - 64,50-54,16
2013,60 - 64,55-59,72
2013,60 - 64,60-64,190
2013,60 - 64,65 y más,331
2013,60 - 64,Ignorado,0
2013,60 - 64,Menos de 15,0
2013,65 y más,15-19,0
2013,65 y más,20-24,0
2013,65 y más,25-29,0
2013,65 y más,30-34,1
2013,65 y más,35-39,0
2013,65 y más,40-44,1
2013,65 y más,45-49,0
2013,65 y más,50-54,7
2013,65 y más,55-59,25
2013,65 y más,60-64,53
2013,65 y más,65 y más,746
2013,65 y más,Ignorado,1
2013,65 y más,Menos de 15,0
2013,Ignorado,15-19,4
2013,Ignorado,20-24,6
2013,Ignorado,25-29,10
2013,Ignorado,30-34,8
2013,Ignorado,35-39,0
2013,Ignorado,40-44,1
2013,Ignorado,45-49,1
2013,Ignorado,50-54,1
2013,Ignorado,55-59,1
2013,Ignorado,60-64,2
2013,Ignorado,65 y más,1
2013,Ignorado,Ignorado,11
2013,Ignorado,Menos de 15,0
2013,Menos de 15,15-19,475
2013,Menos de 15,20-24,409
2013,Menos de 15,25-29,99
2013,Menos de 15,30-34,21
2013,Menos de 15,35-39,7
2013,Menos de 15,40-44,1
2013,Menos de 15,45-49,1
2013,Menos de 15,50-54,1
2013,Menos de 15,55-59,1
2013,Menos de 15,60-64,0
2013,Menos de 15,65 y más,0
2013,Menos de 15,Ignorado,0
2013,Menos de 15,Menos de 15,0
2014,15 - 19,15-19,5976
2014,15 - 19,20-24,10694
2014,15 - 19,25-29,2771
2014,15 - 19,30-34,687
2014,15 - 19,35-39,184
2014,15 - 19,40-44,63
2014,15 - 19,45-49,27
2014,15 - 19,50-54,14
2014,15 - 19,55-59,9
2014,15 - 19,60-64,1
2014,15 - 19,65 y más,4
2014,15 - 19,Ignorado,3
2014,15 - 19,Menos de 15,5
2014,20 - 24,15-19,1967
2014,20 - 24,20-24,12292
2014,20 - 24,25-29,7733
2014,20 - 24,30-34,2216
2014,20 - 24,35-39,626
2014,20 - 24,40-44,222
2014,20 - 24,45-49,86
2014,20 - 24,50-54,37
2014,20 - 24,55-59,21
2014,20 - 24,60-64,18
2014,20 - 24,65 y más,18
2014,20 - 24,Ignorado,3
2014,20 - 24,Menos de 15,1
2014,25 - 29,15-19,231
2014,25 - 29,20-24,2726
2014,25 - 29,25-29,6068
2014,25 - 29,30-34,3715
2014,25 - 29,35-39,1208
2014,25 - 29,40-44,382
2014,25 - 29,45-49,129
2014,25 - 29,50-54,81
2014,25 - 29,55-59,44
2014,25 - 29,60-64,28
2014,25 - 29,65 y más,28
2014,25 - 29,Ignorado,2
2014,25 - 29,Menos de 15,1
2014,30 - 34,15-19,58
2014,30 - 34,20-24,481
2014,30 - 34,25-29,1454
2014,30 - 34,30-34,2638
2014,30 - 34,35-39,1644
2014,30 - 34,40-44,622
2014,30 - 34,45-49,231
2014,30 - 34,50-54,117
2014,30 - 34,55-59,61
2014,30 - 34,60-64,35
2014,30 - 34,65 y más,43
2014,30 - 34,Ignorado,2
2014,30 - 34,Menos de 15,0
2014,35 - 39,15-19,10
2014,35 - 39,20-24,100
2014,35 - 39,25-29,339
2014,35 - 39,30-34,673
2014,35 - 39,35-39,1166
2014,35 - 39,40-44,811
2014,35 - 39,45-49,352
2014,35 - 39,50-54,185
2014,35 - 39,55-59,104
2014,35 - 39,60-64,67
2014,35 - 39,65 y más,48
2014,35 - 39,Ignorado,4
2014,35 - 39,Menos de 15,0
2014,40 - 44,15-19,5
2014,40 - 44,20-24,22
2014,40 - 44,25-29,55
2014,40 - 44,30-34,140
2014,40 - 44,35-39,331
2014,40 - 44,40-44,627
2014,40 - 44,45-49,506
2014,40 - 44,50-54,222
2014,40 - 44,55-59,156
2014,40 - 44,60-64,87
2014,40 - 44,65 y más,88
2014,40 - 44,Ignorado,0
2014,40 - 44,Menos de 15,0
2014,45 - 49,15-19,0
2014,45 - 49,20-24,7
2014,45 - 49,25-29,23
2014,45 - 49,30-34,25
2014,45 - 49,35-39,77
2014,45 - 49,40-44,174
2014,45 - 49,45-49,357
2014,45 - 49,50-54,374
2014,45 - 49,55-59,213
2014,45 - 49,60-64,123
2014,45 - 49,65 y más,132
2014,45 - 49,Ignorado,3
2014,45 - 49,Menos de 15,0
2014,50 - 54,15-19,0
2014,50 - 54,20-24,0
2014,50 - 54,25-29,5
2014,50 - 54,30-34,12
2014,50 - 54,35-39,25
2014,50 - 54,40-44,47
2014,50 - 54,45-49,127
2014,50 - 54,50-54,274
2014,50 - 54,55-59,298
2014,50 - 54,60-64,173
2014,50 - 54,65 y más,154
2014,50 - 54,Ignorado,0
2014,50 - 54,Menos de 15,0
2014,55 - 59,15-19,0
2014,55 - 59,20-24,2
2014,55 - 59,25-29,1
2014,55 - 59,30-34,3
2014,55 - 59,35-39,8
2014,55 - 59,40-44,8
2014,55 - 59,45-49,19
2014,55 - 59,50-54,85
2014,55 - 59,55-59,209
2014,55 - 59,60-64,247
2014,55 - 59,65 y más,209
2014,55 - 59,Ignorado,1
2014,55 - 59,Menos de 15,0
2014,60 - 64,15-19,0
2014,60 - 64,20-24,1
2014,60 - 64,25-29,0
2014,60 - 64,30-34,1
2014,60 - 64,35-39,1
2014,60 - 64,40-44,2
2014,60 - 64,45-49,17
2014,60 - 64,50-54,21
2014,60 - 64,55-59,61
2014,60 - 64,60-64,146
2014,60 - 64,65 y más,330
2014,60 - 64,Ignorado,0
2014,60 - 64,Menos de 15,0
2014,65 y más,15-19,0
2014,65 y más,20-24,0
2014,65 y más,25-29,0
2014,65 y más,30-34,0
2014,65 y más,35-39,2
2014,65 y más,40-44,1
2014,65 y más,45-49,1
2014,65 y más,50-54,6
2014,65 y más,55-59,28
2014,65 y más,60-64,67
2014,65 y más,65 y más,692
2014,65 y más,Ignorado,0
2014,65 y más,Menos de 15,0
2014,Ignorado,15-19,7
2014,Ignorado,20-24,13
2014,Ignorado,25-29,6
2014,Ignorado,30-34,3
2014,Ignorado,35-39,2
2014,Ignorado,40-44,1
2014,Ignorado,45-49,1
2014,Ignorado,50-54,0
2014,Ignorado,55-59,0
2014,Ignorado,60-64,0
2014,Ignorado,65 y más,0
2014,Ignorado,Ignorado,9
2014,Ignorado,Menos de 15,0
2014,Menos de 15,15-19,376
2014,Menos de 15,20-24,375
2014,Menos de 15,25-29,77
2014,Menos de 15,30-34,22
2014,Menos de 15,35-39,4
2014,Menos de 15,40-44,1
2014,Menos de 15,45-49,0
2014,Menos de 15,50-54,0
2014,Menos de 15,55-59,0
2014,Menos de 15,60-64,0
2014,Menos de 15,65 y más,0
2014,Menos de 15,Ignorado,0
2014,Menos de 15,Menos de 15,2
2015,15 - 19,15-19,5881
2015,15 - 19,20-24,10539
2015,15 - 19,25-29,2902
2015,15 - 19,30-34,695
2015,15 - 19,35-39,190
2015,15 - 19,40-44,63
2015,15 - 19,45-49,16
2015,15 - 19,50-54,15
2015,15 - 19,55-59,8
2015,15 - 19,60-64,2
2015,15 - 19,65 y más,5
2015,15 - 19,Ignorado,4
2015,15 - 19,Menos de 15,1
2015,20 - 24,15-19,2017
2015,20 - 24,20-24,12647
2015,20 - 24,25-29,7683
2015,20 - 24,30-34,2062
2015,20 - 24,35-39,661
2015,20 - 24,40-44,199
2015,20 - 24,45-49,66
2015,20 - 24,50-54,40
2015,20 - 24,55-59,25
2015,20 - 24,60-64,10
2015,20 - 24,65 y más,15
2015,20 - 24,Ignorado,2
2015,20 - 24,Menos de 15,0
2015,25 - 29,15-19,235
2015,25 - 29,20-24,2739
2015,25 - 29,25-29,6043
2015,25 - 29,30-34,3614
2015,25 - 29,35-39,1173
2015,25 - 29,40-44,368
2015,25 - 29,45-49,137
2015,25 - 29,50-54,100
2015,25 - 29,55-59,43
2015,25 - 29,60-64,21
2015,25 - 29,65 y más,27
2015,25 - 29,Ignorado,4
2015,25 - 29,Menos de 15,0
2015,30 - 34,15-19,50
2015,30 - 34,20-24,507
2015,30 - 34,25-29,1416
2015,30 - 34,30-34,2646
2015,30 - 34,35-39,1680
2015,30 - 34,40-44,534
2015,30 - 34,45-49,238
2015,30 - 34,50-54,120
2015,30 - 34,55-59,61
2015,30 - 34,60-64,50
2015,30 - 34,65 y más,36
2015,30 - 34,Ignorado,0
2015,30 - 34,Menos de 15,0
2015,35 - 39,15-19,5
2015,35 - 39,20-24,131
2015,35 - 39,25-29,292
2015,35 - 39,30-34,664
2015,35 - 39,35-39,1170
2015,35 - 39,40-44,810
2015,35 - 39,45-49,354
2015,35 - 39,50-54,190
2015,35 - 39,55-59,113
2015,35 - 39,60-64,52
2015,35 - 39,65 y más,54
2015,35 - 39,Ignorado,0
2015,35 - 39,Menos de 15,0
2015,40 - 44,15-19,6
2015,40 - 44,20-24,26
2015,40 - 44,25-29,80
2015,40 - 44,30-34,145
2015,40 - 44,35-39,279
2015,40 - 44,40-44,619
2015,40 - 44,45-49,464
2015,40 - 44,50-54,270
2015,40 - 44,55-59,137
2015,40 - 44,60-64,81
2015,40 - 44,65 y más,99
2015,40 - 44,Ignorado,0
2015,40 - 44,Menos de 15,0
2015,45 - 49,15-19,3
2015,45 - 49,20-24,9
2015,45 - 49,25-29,27
2015,45 - 49,30-34,48
2015,45 - 49,35-39,71
2015,45 - 49,40-44,172
2015,45 - 49,45-49,320
2015,45 - 49,50-54,374
2015,45 - 49,55-59,201
2015,45 - 49,60-64,117
2015,45 - 49,65 y más,104
2015,45 - 49,Ignorado,1
2015,45 - 49,Menos de 15,0
2015,50 - 54,15-19,0
2015,50 - 54,20-24,1
2015,50 - 54,25-29,7
2015,50 - 54,30-34,8
2015,50 - 54,35-39,28
2015,50 - 54,40-44,50
2015,50 - 54,45-49,112
2015,50 - 54,50-54,282
2015,50 - 54,55-59,327
2015,50 - 54,60-64,174
2015,50 - 54,65 y más,155
2015,50 - 54,Ignorado,1
2015,50 - 54,Menos de 15,0
2015,55 - 59,15-19,0
2015,55 - 59,20-24,0
2015,55 - 59,25-29,0
2015,55 - 59,30-34,1
2015,55 - 59,35-39,8
2015,55 - 59,40-44,11
2015,55 - 59,45-49,28
2015,55 - 59,50-54,83
2015,55 - 59,55-59,205
2015,55 - 59,60-64,280
2015,55 - 59,65 y más,202
2015,55 - 59,Ignorado,1
2015,55 - 59,Menos de 15,0
2015,60 - 64,15-19,0
2015,60 - 64,20-24,1
2015,60 - 64,25-29,1
2015,60 - 64,30-34,0
2015,60 - 64,35-39,3
2015,60 - 64,40-44,4
2015,60 - 64,45-49,11
2015,60 - 64,50-54,20
2015,60 - 64,55-59,72
2015,60 - 64,60-64,174
2015,60 - 64,65 y más,292
2015,60 - 64,Ignorado,0
2015,60 - 64,Menos de 15,0
2015,65 y más,15-19,0
2015,65 y más,20-24,0
2015,65 y más,25-29,0
2015,65 y más,30-34,1
2015,65 y más,35-39,0
2015,65 y más,40-44,1
2015,65 y más,45-49,1
2015,65 y más,50-54,9
2015,65 y más,55-59,26
2015,65 y más,60-64,50
2015,65 y más,65 y más,664
2015,65 y más,Ignorado,0
2015,65 y más,Menos de 15,0
2015,Ignorado,15-19,5
2015,Ignorado,20-24,7
2015,Ignorado,25-29,4
2015,Ignorado,30-34,1
2015,Ignorado,35-39,1
2015,Ignorado,40-44,3
2015,Ignorado,45-49,0
2015,Ignorado,50-54,1
2015,Ignorado,55-59,0
2015,Ignorado,60-64,1
2015,Ignorado,65 y más,0
2015,Ignorado,Ignorado,5
2015,Ignorado,Menos de 15,0
2015,Menos de 15,15-19,345
2015,Menos de 15,20-24,327
2015,Menos de 15,25-29,73
2015,Menos de 15,30-34,17
2015,Menos de 15,35-39,9
2015,Menos de 15,40-44,3
2015,Menos de 15,45-49,1
2015,Menos de 15,50-54,0
2015,Menos de 15,55-59,0
2015,Menos de 15,60-64,0
2015,Menos de 15,65 y más,0
2015,Menos de 15,Ignorado,0
2015,Menos de 15,Menos de 15,2
2016,15 - 19,15-19,1955
2016,15 - 19,20-24,6003
2016,15 - 19,25-29,1714
2016,15 - 19,30-34,391
2016,15 - 19,35-39,128
2016,15 - 19,40-44,35
2016,15 - 19,45-49,29
2016,15 - 19,50-54,10
2016,15 - 19,55-59,6
2016,15 - 19,60-64,1
2016,15 - 19,65 y más,5
2016,15 - 19,Ignorado,1
2016,20 - 24,15-19,1567
2016,20 - 24,20-24,12810
2016,20 - 24,25-29,7847
2016,20 - 24,30-34,2188
2016,20 - 24,35-39,616
2016,20 - 24,40-44,202
2016,20 - 24,45-49,87
2016,20 - 24,50-54,39
2016,20 - 24,55-59,23
2016,20 - 24,60-64,8
2016,20 - 24,65 y más,17
2016,20 - 24,Ignorado,1
2016,25 - 29,15-19,188
2016,25 - 29,20-24,2798
2016,25 - 29,25-29,6294
2016,25 - 29,30-34,3787
2016,25 - 29,35-39,1151
2016,25 - 29,40-44,354
2016,25 - 29,45-49,162
2016,25 - 29,50-54,78
2016,25 - 29,55-59,39
2016,25 - 29,60-64,29
2016,25 - 29,65 y más,33
2016,25 - 29,Ignorado,2
2016,30 - 34,15-19,44
2016,30 - 34,20-24,556
2016,30 - 34,25-29,1491
2016,30 - 34,30-34,2705
2016,30 - 34,35-39,1687
2016,30 - 34,40-44,637
2016,30 - 34,45-49,269
2016,30 - 34,50-54,124
2016,30 - 34,55-59,72
2016,30 - 34,60-64,51
2016,30 - 34,65 y más,38
2016,30 - 34,Ignorado,0
2016,35 - 39,15-19,12
2016,35 - 39,20-24,107
2016,35 - 39,25-29,327
2016,35 - 39,30-34,696
2016,35 - 39,35-39,1288
2016,35 - 39,40-44,952
2016,35 - 39,45-49,396
2016,35 - 39,50-54,182
2016,35 - 39,55-59,99
2016,35 - 39,60-64,86
2016,35 - 39,65 y más,51
2016,35 - 39,Ignorado,0
2016,40 - 44,15-19,0
2016,40 - 44,20-24,21
2016,40 - 44,25-29,69
2016,40 - 44,30-34,145
2016,40 - 44,35-39,321
2016,40 - 44,40-44,594
2016,40 - 44,45-49,530
2016,40 - 44,50-54,272
2016,40 - 44,55-59,135
2016,40 - 44,60-64,105
2016,40 - 44,65 y más,80
2016,40 - 44,Ignorado,1
2016,45 - 49,15-19,0
2016,45 - 49,20-24,10
2016,45 - 49,25-29,20
2016,45 - 49,30-34,34
2016,45 - 49,35-39,84
2016,45 - 49,40-44,201
2016,45 - 49,45-49,367
2016,45 - 49,50-54,390
2016,45 - 49,55-59,180
2016,45 - 49,60-64,108
2016,45 - 49,65 y más,118
2016,45 - 49,Ignorado,1
2016,50 - 54,15-19,2
2016,50 - 54,20-24,3
2016,50 - 54,25-29,9
2016,50 - 54,30-34,9
2016,50 - 54,35-39,23
2016,50 - 54,40-44,55
2016,50 - 54,45-49,123
2016,50 - 54,50-54,279
2016,50 - 54,55-59,282
2016,50 - 54,60-64,162
2016,50 - 54,65 y más,142
2016,50 - 54,Ignorado,0
2016,55 - 59,15-19,0
2016,55 - 59,20-24,0
2016,55 - 59,25-29,2
2016,55 - 59,30-34,6
2016,55 - 59,35-39,7
2016,55 - 59,40-44,14
2016,55 - 59,45-49,31
2016,55 - 59,50-54,69
2016,55 - 59,55-59,239
2016,55 - 59,60-64,272
2016,55 - 59,65 y más,227
2016,55 - 59,Ignorado,1
2016,60 - 64,15-19,0
2016,60 - 64,20-24,0
2016,60 - 64,25-29,1
2016,60 - 64,30-34,1
2016,60 - 64,35-39,4
2016,60 - 64,40-44,0
2016,60 - 64,45-49,8
2016,60 - 64,50-54,26
2016,60 - 64,55-59,66
2016,60 - 64,60-64,181
2016,60 - 64,65 y más,315
2016,60 - 64,Ignorado,0
2016,65 y más,15-19,0
2016,65 y más,20-24,0
2016,65 y más,25-29,0
2016,65 y más,30-34,1
2016,65 y más,35-39,0
2016,65 y más,40-44,3
2016,65 y más,45-49,0
2016,65 y más,50-54,14
2016,65 y más,55-59,29
2016,65 y más,60-64,50
2016,65 y más,65 y más,695
2016,65 y más,Ignorado,0
2016,Ignorado,15-19,2
2016,Ignorado,20-24,1
2016,Ignorado,25-29,1
2016,Ignorado,30-34,1
2016,Ignorado,35-39,1
2016,Ignorado,40-44,0
2016,Ignorado,45-49,0
2016,Ignorado,50-54,0
2016,Ignorado,55-59,0
2016,Ignorado,60-64,0
2016,Ignorado,65 y más,1
2016,Ignorado,Ignorado,1
2017,15 - 19,15-19,1984
2017,15 - 19,20-24,6583
2017,15 - 19,25-29,1916
2017,15 - 19,30-34,445
2017,15 - 19,35-39,114
2017,15 - 19,40-44,26
2017,15 - 19,45-49,17
2017,15 - 19,50-54,2
2017,15 - 19,55-59,10
2017,15 - 19,60-64,7
2017,15 - 19,65 y más,5
2017,15 - 19,Ignorado,0
2017,20 - 24,15-19,1662
2017,20 - 24,20-24,13202
2017,20 - 24,25-29,8008
2017,20 - 24,30-34,2127
2017,20 - 24,35-39,611
2017,20 - 24,40-44,192
2017,20 - 24,45-49,73
2017,20 - 24,50-54,40
2017,20 - 24,55-59,17
2017,20 - 24,60-64,10
2017,20 - 24,65 y más,17
2017,20 - 24,Ignorado,1
2017,25 - 29,15-19,180
2017,25 - 29,20-24,2886
2017,25 - 29,25-29,6519
2017,25 - 29,30-34,3960
2017,25 - 29,35-39,1247
2017,25 - 29,40-44,421
2017,25 - 29,45-49,153
2017,25 - 29,50-54,84
2017,25 - 29,55-59,43
2017,25 - 29,60-64,32
2017,25 - 29,65 y más,22
2017,25 - 29,Ignorado,0
2017,30 - 34,15-19,34
2017,30 - 34,20-24,514
2017,30 - 34,25-29,1483
2017,30 - 34,30-34,2708
2017,30 - 34,35-39,1765
2017,30 - 34,40-44,645
2017,30 - 34,45-49,253
2017,30 - 34,50-54,121
2017,30 - 34,55-59,72
2017,30 - 34,60-64,37
2017,30 - 34,65 y más,39
2017,30 - 34,Ignorado,3
2017,35 - 39,15-19,7
2017,35 - 39,20-24,113
2017,35 - 39,25-29,347
2017,35 - 39,30-34,730
2017,35 - 39,35-39,1268
2017,35 - 39,40-44,907
2017,35 - 39,45-49,414
2017,35 - 39,50-54,193
2017,35 - 39,55-59,96
2017,35 - 39,60-64,68
2017,35 - 39,65 y más,55
2017,35 - 39,Ignorado,0
2017,40 - 44,15-19,0
2017,40 - 44,20-24,31
2017,40 - 44,25-29,65
2017,40 - 44,30-34,179
2017,40 - 44,35-39,318
2017,40 - 44,40-44,676
2017,40 - 44,45-49,491
2017,40 - 44,50-54,272
2017,40 - 44,55-59,141
2017,40 - 44,60-64,75
2017,40 - 44,65 y más,83
2017,40 - 44,Ignorado,0
2017,45 - 49,15-19,1
2017,45 - 49,20-24,3
2017,45 - 49,25-29,27
2017,45 - 49,30-34,31
2017,45 - 49,35-39,80
2017,45 - 49,40-44,198
2017,45 - 49,45-49,385
2017,45 - 49,50-54,378
2017,45 - 49,55-59,209
2017,45 - 49,60-64,129
2017,45 - 49,65 y más,113
2017,45 - 49,Ignorado,0
2017,50 - 54,15-19,1
2017,50 - 54,20-24,0
2017,50 - 54,25-29,5
2017,50 - 54,30-34,7
2017,50 - 54,35-39,23
2017,50 - 54,40-44,50
2017,50 - 54,45-49,112
2017,50 - 54,50-54,291
2017,50 - 54,55-59,301
2017,50 - 54,60-64,176
2017,50 - 54,65 y más,147
2017,50 - 54,Ignorado,0
2017,55 - 59,15-19,0
2017,55 - 59,20-24,1
2017,55 - 59,25-29,1
2017,55 - 59,30-34,1
2017,55 - 59,35-39,4
2017,55 - 59,40-44,17
2017,55 - 59,45-49,36
2017,55 - 59,50-54,60
2017,55 - 59,55-59,210
2017,55 - 59,60-64,258
2017,55 - 59,65 y más,211
2017,55 - 59,Ignorado,0
2017,60 - 64,15-19,0
2017,60 - 64,20-24,0
2017,60 - 64,25-29,0
2017,60 - 64,30-34,1
2017,60 - 64,35-39,3
2017,60 - 64,40-44,3
2017,60 - 64,45-49,7
2017,60 - 64,50-54,26
2017,60 - 64,55-59,58
2017,60 - 64,60-64,182
2017,60 - 64,65 y más,273
2017,60 - 64,Ignorado,0
2017,65 y más,15-19,0
2017,65 y más,20-24,0
2017,65 y más,25-29,0
2017,65 y más,30-34,1
2017,65 y más,35-39,0
2017,65 y más,40-44,4
2017,65 y más,45-49,4
2017,65 y más,50-54,6
2017,65 y más,55-59,13
2017,65 y más,60-64,60
2017,65 y más,65 y más,670
2017,65 y más,Ignorado,0
2017,Ignorado,15-19,0
2017,Ignorado,20-24,0
2017,Ignorado,25-29,1
2017,Ignorado,30-34,0
2017,Ignorado,35-39,0
2017,Ignorado,40-44,0
2017,Ignorado,45-49,0
2017,Ignorado,50-54,0
2017,Ignorado,55-59,0
2017,Ignorado,60-64,0
2017,Ignorado,65 y más,0
2017,Ignorado,Ignorado,0
2018,15 - 19,15-19,2103
2018,15 - 19,20-24,6996
2018,15 - 19,25-29,2235
2018,15 - 19,30-34,478
2018,15 - 19,35-39,146
2018,15 - 19,40-44,44
2018,15 - 19,45-49,16
2018,15 - 19,50-54,11
2018,15 - 19,55-59,5
2018,15 - 19,60-64,6
2018,15 - 19,65 y más,3
2018,15 - 19,Ignorado,0
2018,20 - 24,15-19,1663
2018,20 - 24,20-24,13281
2018,20 - 24,25-29,8380
2018,20 - 24,30-34,2256
2018,20 - 24,35-39,630
2018,20 - 24,40-44,200
2018,20 - 24,45-49,79
2018,20 - 24,50-54,30
2018,20 - 24,55-59,26
2018,20 - 24,60-64,15
2018,20 - 24,65 y más,13
2018,20 - 24,Ignorado,0
2018,25 - 29,15-19,207
2018,25 - 29,20-24,2980
2018,25 - 29,25-29,6626
2018,25 - 29,30-34,4092
2018,25 - 29,35-39,1279
2018,25 - 29,40-44,386
2018,25 - 29,45-49,166
2018,25 - 29,50-54,75
2018,25 - 29,55-59,44
2018,25 - 29,60-64,19
2018,25 - 29,65 y más,18
2018,25 - 29,Ignorado,0
2018,30 - 34,15-19,48
2018,30 - 34,20-24,527
2018,30 - 34,25-29,1640
2018,30 - 34,30-34,2926
2018,30 - 34,35-39,1913
2018,30 - 34,40-44,668
2018,30 - 34,45-49,274
2018,30 - 34,50-54,124
2018,30 - 34,55-59,65
2018,30 - 34,60-64,60
2018,30 - 34,65 y más,40
2018,30 - 34,Ignorado,0
2018,35 - 39,15-19,7
2018,35 - 39,20-24,117
2018,35 - 39,25-29,355
2018,35 - 39,30-34,745
2018,35 - 39,35-39,1346
2018,35 - 39,40-44,965
2018,35 - 39,45-49,384
2018,35 - 39,50-54,177
2018,35 - 39,55-59,128
2018,35 - 39,60-64,62
2018,35 - 39,65 y más,66
2018,35 - 39,Ignorado,0
2018,40 - 44,15-19,6
2018,40 - 44,20-24,32
2018,40 - 44,25-29,75
2018,40 - 44,30-34,199
2018,40 - 44,35-39,389
2018,40 - 44,40-44,683
2018,40 - 44,45-49,579
2018,40 - 44,50-54,298
2018,40 - 44,55-59,148
2018,40 - 44,60-64,70
2018,40 - 44,65 y más,115
2018,40 - 44,Ignorado,0
2018,45 - 49,15-19,0
2018,45 - 49,20-24,4
2018,45 - 49,25-29,27
2018,45 - 49,30-34,47
2018,45 - 49,35-39,83
2018,45 - 49,40-44,184
2018,45 - 49,45-49,424
2018,45 - 49,50-54,413
2018,45 - 49,55-59,207
2018,45 - 49,60-64,142
2018,45 - 49,65 y más,135
2018,45 - 49,Ignorado,0
2018,50 - 54,15-19,0
2018,50 - 54,20-24,7
2018,50 - 54,25-29,10
2018,50 - 54,30-34,13
2018,50 - 54,35-39,25
2018,50 - 54,40-44,53
2018,50 - 54,45-49,133
2018,50 - 54,50-54,251
2018,50 - 54,55-59,355
2018,50 - 54,60-64,163
2018,50 - 54,65 y más,179
2018,50 - 54,Ignorado,0
2018,55 - 59,15-19,0
2018,55 - 59,20-24,0
2018,55 - 59,25-29,2
2018,55 - 59,30-34,0
2018,55 - 59,35-39,3
2018,55 - 59,40-44,14
2018,55 - 59,45-49,39
2018,55 - 59,50-54,83
2018,55 - 59,55-59,213
2018,55 - 59,60-64,254
2018,55 - 59,65 y más,233
2018,55 - 59,Ignorado,0
2018,60 - 64,15-19,0
2018,60 - 64,20-24,0
2018,60 - 64,25-29,1
2018,60 - 64,30-34,0
2018,60 - 64,35-39,3
2018,60 - 64,40-44,2
2018,60 - 64,45-49,4
2018,60 - 64,50-54,31
2018,60 - 64,55-59,62
2018,60 - 64,60-64,155
2018,60 - 64,65 y más,292
2018,60 - 64,Ignorado,0
2018,65 y más,15-19,0
2018,65 y más,20-24,0
2018,65 y más,25-29,0
2018,65 y más,30-34,0
2018,65 y más,35-39,3
2018,65 y más,40-44,0
2018,65 y más,45-49,2
2018,65 y más,50-54,13
2018,65 y más,55-59,21
2018,65 y más,60-64,77
2018,65 y más,65 y más,676
2018,65 y más,Ignorado,0
2018,Ignorado,15-19,0
2018,Ignorado,20-24,0
2018,Ignorado,25-29,0
2018,Ignorado,30-34,0
2018,Ignorado,35-39,0
2018,Ignorado,40-44,0
2018,Ignorado,45-49,0
2018,Ignorado,50-54,0
2018,Ignorado,55-59,0
2018,Ignorado,60-64,0
2018,Ignorado,65 y más,0
2018,Ignorado,Ignorado,0
2019,18 - 19,18-19,2180
2019,18 - 19,20-24,7497
2019,18 - 19,25-29,2411
2019,18 - 19,30-34,498
2019,18 - 19,35-39,133
2019,18 - 19,40-44,49
2019,18 - 19,45-49,19
2019,18 - 19,50-54,12
2019,18 - 19,55-59,6
2019,18 - 19,60-64,3
2019,18 - 19,65 y más,2
2019,18 - 19,Ignorado,0
2019,20 - 24,18-19,1793
2019,20 - 24,20-24,13270
2019,20 - 24,25-29,8577
2019,20 - 24,30-34,2298
2019,20 - 24,35-39,655
2019,20 - 24,40-44,196
2019,20 - 24,45-49,80
2019,20 - 24,50-54,30
2019,20 - 24,55-59,16
2019,20 - 24,60-64,15
2019,20 - 24,65 y más,10
2019,20 - 24,Ignorado,0
2019,25 - 29,18-19,252
2019,25 - 29,20-24,2909
2019,25 - 29,25-29,7147
2019,25 - 29,30-34,4169
2019,25 - 29,35-39,1277
2019,25 - 29,40-44,435
2019,25 - 29,45-49,175
2019,25 - 29,50-54,81
2019,25 - 29,55-59,48
2019,25 - 29,60-64,29
2019,25 - 29,65 y más,34
2019,25 - 29,Ignorado,0
2019,30 - 34,18-19,46
2019,30 - 34,20-24,546
2019,30 - 34,25-29,1601
2019,30 - 34,30-34,3063
2019,30 - 34,35-39,1928
2019,30 - 34,40-44,717
2019,30 - 34,45-49,281
2019,30 - 34,50-54,134
2019,30 - 34,55-59,78
2019,30 - 34,60-64,38
2019,30 - 34,65 y más,37
2019,30 - 34,Ignorado,0
2019,35 - 39,18-19,10
2019,35 - 39,20-24,136
2019,35 - 39,25-29,346
2019,35 - 39,30-34,800
2019,35 - 39,35-39,1312
2019,35 - 39,40-44,995
2019,35 - 39,45-49,396
2019,35 - 39,50-54,209
2019,35 - 39,55-59,106
2019,35 - 39,60-64,70
2019,35 - 39,65 y más,68
2019,35 - 39,Ignorado,0
2019,40 - 44,18-19,4
2019,40 - 44,20-24,30
2019,40 - 44,25-29,90
2019,40 - 44,30-34,195
2019,40 - 44,35-39,337
2019,40 - 44,40-44,686
2019,40 - 44,45-49,584
2019,40 - 44,50-54,254
2019,40 - 44,55-59,160
2019,40 - 44,60-64,95
2019,40 - 44,65 y más,118
2019,40 - 44,Ignorado,0
2019,45 - 49,18-19,0
2019,45 - 49,20-24,12
2019,45 - 49,25-29,27
2019,45 - 49,30-34,57
2019,45 - 49,35-39,97
2019,45 - 49,40-44,204
2019,45 - 49,45-49,415
2019,45 - 49,50-54,411
2019,45 - 49,55-59,233
2019,45 - 49,60-64,129
2019,45 - 49,65 y más,131
2019,45 - 49,Ignorado,0
2019,50 - 54,18-19,0
2019,50 - 54,20-24,3
2019,50 - 54,25-29,5
2019,50 - 54,30-34,17
2019,50 - 54,35-39,21
2019,50 - 54,40-44,41
2019,50 - 54,45-49,114
2019,50 - 54,50-54,257
2019,50 - 54,55-59,319
2019,50 - 54,60-64,196
2019,50 - 54,65 y más,155
2019,50 - 54,Ignorado,0
2019,55 - 59,18-19,0
2019,55 - 59,20-24,1
2019,55 - 59,25-29,2
2019,55 - 59,30-34,4
2019,55 - 59,35-39,5
2019,55 - 59,40-44,19
2019,55 - 59,45-49,31
2019,55 - 59,50-54,80
2019,55 - 59,55-59,246
2019,55 - 59,60-64,259
2019,55 - 59,65 y más,218
2019,55 - 59,Ignorado,0
2019,60 - 64,18-19,0
2019,60 - 64,20-24,0
2019,60 - 64,25-29,0
2019,60 - 64,30-34,1
2019,60 - 64,35-39,4
2019,60 - 64,40-44,3
2019,60 - 64,45-49,7
2019,60 - 64,50-54,22
2019,60 - 64,55-59,69
2019,60 - 64,60-64,179
2019,60 - 64,65 y más,326
2019,60 - 64,Ignorado,0
2019,65 y más,18-19,0
2019,65 y más,20-24,0
2019,65 y más,25-29,0
2019,65 y más,30-34,1
2019,65 y más,35-39,1
2019,65 y más,40-44,3
2019,65 y más,45-49,2
2019,65 y más,50-54,7
2019,65 y más,55-59,36
2019,65 y más,60-64,59
2019,65 y más,65 y más,721
2019,65 y más,Ignorado,0
2019,Ignorado,18-19,0
2019,Ignorado,20-24,0
2019,Ignorado,25-29,0
2019,Ignorado,30-34,0
2019,Ignorado,35-39,0
2019,Ignorado,40-44,1
2019,Ignorado,45-49,0
2019,Ignorado,50-54,0
2019,Ignorado,55-59,0
2019,Ignorado,60-64,0
2019,Ignorado,65 y más,0
2019,Ignorado,Ignorado,1
2020,20 - 24,20-24,10587
2020,20 - 24,25-29,6626
2020,20 - 24,30-34,1746
2020,20 - 24,35-39,508
2020,20 - 24,40-44,164
2020,20 - 24,45-49,49
2020,20 - 24,50-54,33
2020,20 - 24,55-59,14
2020,20 - 24,60-64,9
2020,20 - 24,65 y más,13
2020,20 - 24,Ignorado,0
2020,20 - 24,Menos de 20,1172
2020,25 - 29,20-24,2197
2020,25 - 29,25-29,5392
2020,25 - 29,30-34,3154
2020,25 - 29,35-39,979
2020,25 - 29,40-44,365
2020,25 - 29,45-49,127
2020,25 - 29,50-54,52
2020,25 - 29,55-59,37
2020,25 - 29,60-64,21
2020,25 - 29,65 y más,24
2020,25 - 29,Ignorado,0
2020,25 - 29,Menos de 20,124
2020,30 - 34,20-24,399
2020,30 - 34,25-29,1260
2020,30 - 34,30-34,2374
2020,30 - 34,35-39,1400
2020,30 - 34,40-44,502
2020,30 - 34,45-49,218
2020,30 - 34,50-54,96
2020,30 - 34,55-59,61
2020,30 - 34,60-64,37
2020,30 - 34,65 y más,30
2020,30 - 34,Ignorado,0
2020,30 - 34,Menos de 20,28
2020,35 - 39,20-24,93
2020,35 - 39,25-29,282
2020,35 - 39,30-34,601
2020,35 - 39,35-39,962
2020,35 - 39,40-44,704
2020,35 - 39,45-49,295
2020,35 - 39,50-54,136
2020,35 - 39,55-59,96
2020,35 - 39,60-64,72
2020,35 - 39,65 y más,64
2020,35 - 39,Ignorado,0
2020,35 - 39,Menos de 20,9
2020,40 - 44,20-24,18
2020,40 - 44,25-29,64
2020,40 - 44,30-34,139
2020,40 - 44,35-39,295
2020,40 - 44,40-44,502
2020,40 - 44,45-49,415
2020,40 - 44,50-54,203
2020,40 - 44,55-59,119
2020,40 - 44,60-64,84
2020,40 - 44,65 y más,88
2020,40 - 44,Ignorado,0
2020,40 - 44,Menos de 20,2
2020,45 - 49,20-24,12
2020,45 - 49,25-29,23
2020,45 - 49,30-34,27
2020,45 - 49,35-39,53
2020,45 - 49,40-44,142
2020,45 - 49,45-49,308
2020,45 - 49,50-54,286
2020,45 - 49,55-59,158
2020,45 - 49,60-64,92
2020,45 - 49,65 y más,101
2020,45 - 49,Ignorado,0
2020,45 - 49,Menos de 20,0
2020,50 - 54,20-24,2
2020,50 - 54,25-29,4
2020,50 - 54,30-34,4
2020,50 - 54,35-39,10
2020,50 - 54,40-44,34
2020,50 - 54,45-49,79
2020,50 - 54,50-54,182
2020,50 - 54,55-59,221
2020,50 - 54,60-64,126
2020,50 - 54,65 y más,118
2020,50 - 54,Ignorado,0
2020,50 - 54,Menos de 20,0
2020,55 - 59,20-24,3
2020,55 - 59,25-29,0
2020,55 - 59,30-34,1
2020,55 - 59,35-39,7
2020,55 - 59,40-44,15
2020,55 - 59,45-49,22
2020,55 - 59,50-54,52
2020,55 - 59,55-59,157
2020,55 - 59,60-64,183
2020,55 - 59,65 y más,154
2020,55 - 59,Ignorado,0
2020,55 - 59,Menos de 20,0
2020,60 - 64,20-24,0
2020,60 - 64,25-29,0
2020,60 - 64,30-34,1
2020,60 - 64,35-39,0
2020,60 - 64,40-44,2
2020,60 - 64,45-49,10
2020,60 - 64,50-54,21
2020,60 - 64,55-59,39
2020,60 - 64,60-64,151
2020,60 - 64,65 y más,222
2020,60 - 64,Ignorado,0
2020,60 - 64,Menos de 20,0
2020,65 y más,20-24,0
2020,65 y más,25-29,1
2020,65 y más,30-34,1
2020,65 y más,35-39,1
2020,65 y más,40-44,2
2020,65 y más,45-49,1
2020,65 y más,50-54,7
2020,65 y más,55-59,20
2020,65 y más,60-64,41
2020,65 y más,65 y más,457
2020,65 y más,Ignorado,0
2020,65 y más,Menos de 20,0
2020,Ignorado,20-24,0
2020,Ignorado,25-29,0
2020,Ignorado,30-34,0
2020,Ignorado,35-39,0
2020,Ignorado,40-44,0
2020,Ignorado,45-49,0
2020,Ignorado,50-54,0
2020,Ignorado,55-59,1
2020,Ignorado,60-64,0
2020,Ignorado,65 y más,0
2020,Ignorado,Ignorado,0
2020,Ignorado,Menos de 20,0
2020,Menos de 20,20-24,5261
2020,Menos de 20,25-29,1599
2020,Menos de 20,30-34,356
2020,Menos de 20,35-39,111
2020,Menos de 20,40-44,26
2020,Menos de 20,45-49,8
2020,Menos de 20,50-54,2
2020,Menos de 20,55-59,3
2020,Menos de 20,60-64,3
2020,Menos de 20,65 y más,1
2020,Menos de 20,Ignorado,0
2020,Menos de 20,Menos de 20,1422
2021,20 - 24,20-24,14859
2021,20 - 24,25-29,10380
2021,20 - 24,30-34,2556
2021,20 - 24,35-39,686
2021,20 - 24,40-44,231
2021,20 - 24,45-49,90
2021,20 - 24,50-54,37
2021,20 - 24,55-59,27
2021,20 - 24,60-64,13
2021,20 - 24,65 y más,15
2021,20 - 24,Ignorado,0
2021,20 - 24,Menos de 20,1663
2021,25 - 29,20-24,3251
2021,25 - 29,25-29,8558
2021,25 - 29,30-34,5143
2021,25 - 29,35-39,1514
2021,25 - 29,40-44,506
2021,25 - 29,45-49,204
2021,25 - 29,50-54,98
2021,25 - 29,55-59,54
2021,25 - 29,60-64,30
2021,25 - 29,65 y más,21
2021,25 - 29,Ignorado,0
2021,25 - 29,Menos de 20,200
2021,30 - 34,20-24,556
2021,30 - 34,25-29,2052
2021,30 - 34,30-34,3784
2021,30 - 34,35-39,2256
2021,30 - 34,40-44,854
2021,30 - 34,45-49,335
2021,30 - 34,50-54,163
2021,30 - 34,55-59,89
2021,30 - 34,60-64,53
2021,30 - 34,65 y más,49
2021,30 - 34,Ignorado,0
2021,30 - 34,Menos de 20,39
2021,35 - 39,20-24,152
2021,35 - 39,25-29,442
2021,35 - 39,30-34,909
2021,35 - 39,35-39,1653
2021,35 - 39,40-44,1214
2021,35 - 39,45-49,460
2021,35 - 39,50-54,212
2021,35 - 39,55-59,140
2021,35 - 39,60-64,104
2021,35 - 39,65 y más,79
2021,35 - 39,Ignorado,0
2021,35 - 39,Menos de 20,8
2021,40 - 44,20-24,41
2021,40 - 44,25-29,123
2021,40 - 44,30-34,217
2021,40 - 44,35-39,470
2021,40 - 44,40-44,929
2021,40 - 44,45-49,735
2021,40 - 44,50-54,319
2021,40 - 44,55-59,194
2021,40 - 44,60-64,116
2021,40 - 44,65 y más,130
2021,40 - 44,Ignorado,0
2021,40 - 44,Menos de 20,3
2021,45 - 49,20-24,10
2021,45 - 49,25-29,26
2021,45 - 49,30-34,63
2021,45 - 49,35-39,119
2021,45 - 49,40-44,234
2021,45 - 49,45-49,503
2021,45 - 49,50-54,501
2021,45 - 49,55-59,300
2021,45 - 49,60-64,152
2021,45 - 49,65 y más,176
2021,45 - 49,Ignorado,0
2021,45 - 49,Menos de 20,0
2021,50 - 54,20-24,6
2021,50 - 54,25-29,7
2021,50 - 54,30-34,12
2021,50 - 54,35-39,25
2021,50 - 54,40-44,45
2021,50 - 54,45-49,139
2021,50 - 54,50-54,349
2021,50 - 54,55-59,343
2021,50 - 54,60-64,240
2021,50 - 54,65 y más,182
2021,50 - 54,Ignorado,0
2021,50 - 54,Menos de 20,0
2021,55 - 59,20-24,1
2021,55 - 59,25-29,2
2021,55 - 59,30-34,3
2021,55 - 59,35-39,2
2021,55 - 59,40-44,14
2021,55 - 59,45-49,32
2021,55 - 59,50-54,77
2021,55 - 59,55-59,271
2021,55 - 59,60-64,303
2021,55 - 59,65 y más,239
2021,55 - 59,Ignorado,0
2021,55 - 59,Menos de 20,0
2021,60 - 64,20-24,0
2021,60 - 64,25-29,1
2021,60 - 64,30-34,5
2021,60 - 64,35-39,6
2021,60 - 64,40-44,3
2021,60 - 64,45-49,10
2021,60 - 64,50-54,20
2021,60 - 64,55-59,55
2021,60 - 64,60-64,213
2021,60 - 64,65 y más,332
2021,60 - 64,Ignorado,0
2021,60 - 64,Menos de 20,0
2021,65 y más,20-24,0
2021,65 y más,25-29,1
2021,65 y más,30-34,1
2021,65 y más,35-39,2
2021,65 y más,40-44,7
2021,65 y más,45-49,3
2021,65 y más,50-54,9
2021,65 y más,55-59,22
2021,65 y más,60-64,66
2021,65 y más,65 y más,780
2021,65 y más,Ignorado,0
2021,65 y más,Menos de 20,0
2021,Ignorado,20-24,0
2021,Ignorado,25-29,0
2021,Ignorado,30-34,0
2021,Ignorado,35-39,0
2021,Ignorado,40-44,0
2021,Ignorado,45-49,0
2021,Ignorado,50-54,0
2021,Ignorado,55-59,0
2021,Ignorado,60-64,0
2021,Ignorado,65 y más,0
2021,Ignorado,Ignorado,0
2021,Ignorado,Menos de 20,0
2021,Menos de 20,20-24,7283
2021,Menos de 20,25-29,2470
2021,Menos de 20,30-34,554
2021,Menos de 20,35-39,133
2021,Menos de 20,40-44,42
2021,Menos de 20,45-49,18
2021,Menos de 20,50-54,6
2021,Menos de 20,55-59,4
2021,Menos de 20,60-64,7
2021,Menos de 20,65 y más,2
2021,Menos de 20,Ignorado,0
2021,Menos de 20,Menos de 20,2033
2022,20 - 24,20-24,12856
2022,20 - 24,25-29,9096
2022,20 - 24,30-34,2367
2022,20 - 24,35-39,608
2022,20 - 24,40-44,204
2022,20 - 24,45-49,89
2022,20 - 24,50-54,47
2022,20 - 24,55-59,23
2022,20 - 24,60-64,9
2022,20 - 24,65 y más,12
2022,20 - 24,Ignorado,0
2022,20 - 24,Menos de 20,1494
2022,25 - 29,20-24,2874
2022,25 - 29,25-29,8249
2022,25 - 29,30-34,4787
2022,25 - 29,35-39,1436
2022,25 - 29,40-44,481
2022,25 - 29,45-49,183
2022,25 - 29,50-54,90
2022,25 - 29,55-59,52
2022,25 - 29,60-64,39
2022,25 - 29,65 y más,37
2022,25 - 29,Ignorado,1
2022,25 - 29,Menos de 20,168
2022,30 - 34,20-24,485
2022,30 - 34,25-29,1878
2022,30 - 34,30-34,3564
2022,30 - 34,35-39,2366
2022,30 - 34,40-44,930
2022,30 - 34,45-49,346
2022,30 - 34,50-54,191
2022,30 - 34,55-59,78
2022,30 - 34,60-64,63
2022,30 - 34,65 y más,57
2022,30 - 34,Ignorado,1
2022,30 - 34,Menos de 20,34
2022,35 - 39,20-24,148
2022,35 - 39,25-29,446
2022,35 - 39,30-34,943
2022,35 - 39,35-39,1623
2022,35 - 39,40-44,1218
2022,35 - 39,45-49,476
2022,35 - 39,50-54,228
2022,35 - 39,55-59,120
2022,35 - 39,60-64,79
2022,35 - 39,65 y más,89
2022,35 - 39,Ignorado,1
2022,35 - 39,Menos de 20,10
2022,40 - 44,20-24,34
2022,40 - 44,25-29,113
2022,40 - 44,30-34,253
2022,40 - 44,35-39,474
2022,40 - 44,40-44,937
2022,40 - 44,45-49,739
2022,40 - 44,50-54,330
2022,40 - 44,55-59,186
2022,40 - 44,60-64,143
2022,40 - 44,65 y más,146
2022,40 - 44,Ignorado,0
2022,40 - 44,Menos de 20,3
2022,45 - 49,20-24,16
2022,45 - 49,25-29,28
2022,45 - 49,30-34,80
2022,45 - 49,35-39,129
2022,45 - 49,40-44,299
2022,45 - 49,45-49,566
2022,45 - 49,50-54,509
2022,45 - 49,55-59,249
2022,45 - 49,60-64,175
2022,45 - 49,65 y más,162
2022,45 - 49,Ignorado,1
2022,45 - 49,Menos de 20,0
2022,50 - 54,20-24,4
2022,50 - 54,25-29,10
2022,50 - 54,30-34,17
2022,50 - 54,35-39,33
2022,50 - 54,40-44,69
2022,50 - 54,45-49,164
2022,50 - 54,50-54,334
2022,50 - 54,55-59,352
2022,50 - 54,60-64,229
2022,50 - 54,65 y más,196
2022,50 - 54,Ignorado,1
2022,50 - 54,Menos de 20,0
2022,55 - 59,20-24,0
2022,55 - 59,25-29,0
2022,55 - 59,30-34,1
2022,55 - 59,35-39,8
2022,55 - 59,40-44,17
2022,55 - 59,45-49,35
2022,55 - 59,50-54,83
2022,55 - 59,55-59,271
2022,55 - 59,60-64,291
2022,55 - 59,65 y más,234
2022,55 - 59,Ignorado,0
2022,55 - 59,Menos de 20,0
2022,60 - 64,20-24,0
2022,60 - 64,25-29,1
2022,60 - 64,30-34,4
2022,60 - 64,35-39,3
2022,60 - 64,40-44,4
2022,60 - 64,45-49,10
2022,60 - 64,50-54,26
2022,60 - 64,55-59,84
2022,60 - 64,60-64,179
2022,60 - 64,65 y más,375
2022,60 - 64,Ignorado,0
2022,60 - 64,Menos de 20,0
2022,65 y más,20-24,0
2022,65 y más,25-29,1
2022,65 y más,30-34,2
2022,65 y más,35-39,0
2022,65 y más,40-44,4
2022,65 y más,45-49,1
2022,65 y más,50-54,24
2022,65 y más,55-59,17
2022,65 y más,60-64,71
2022,65 y más,65 y más,703
2022,65 y más,Ignorado,0
2022,65 y más,Menos de 20,0
2022,Ignorado,20-24,2
2022,Ignorado,25-29,1
2022,Ignorado,30-34,2
2022,Ignorado,35-39,1
2022,Ignorado,40-44,1
2022,Ignorado,45-49,0
2022,Ignorado,50-54,0
2022,Ignorado,55-59,0
2022,Ignorado,60-64,0
2022,Ignorado,65 y más,0
2022,Ignorado,Ignorado,0
2022,Ignorado,Menos de 20,0
2022,Menos de 20,20-24,6343
2022,Menos de 20,25-29,2103
2022,Menos de 20,30-34,460
2022,Menos de 20,35-39,117
2022,Menos de 20,40-44,41
2022,Menos de 20,45-49,19
2022,Menos de 20,50-54,5
2022,Menos de 20,55-59,5
2022,Menos de 20,60-64,3
2022,Menos de 20,65 y más,1
2022,Menos de 20,Ignorado,0
2022,Menos de 20,Menos de 20,1765
